timestamp,farm_id,temperature,humidity,rainfall,soil_moisture,irrigate
2026-07-23 00:57:28,Farm_A,11.8,100.0,0.0,50.0,0
2026-07-23 01:57:28,Farm_A,9.2,100.0,0.0,50.0,0
2026-07-23 02:57:28,Farm_A,11.6,100.0,0.0,50.0,0
2026-07-23 03:57:28,Farm_A,9.8,100.0,0.0,50.0,0
2026-07-23 04:57:28,Farm_A,11.6,100.0,0.0,50.0,0
2026-07-23 05:57:28,Farm_A,13.7,96.6,0.0,50.0,0
2026-07-23 06:57:28,Farm_A,14.1,90.8,0.0,49.9,0
2026-07-23 07:57:28,Farm_A,16.8,89.6,0.0,49.8,0
2026-07-23 08:57:28,Farm_A,19.5,80.3,0.0,49.6,0
2026-07-23 09:57:28,Farm_A,22.0,75.1,0.0,49.3,0
2026-07-23 10:57:28,Farm_A,24.4,70.6,0.0,48.9,0
2026-07-23 11:57:28,Farm_A,26.5,58.8,0.0,48.4,0
2026-07-23 12:57:28,Farm_A,29.5,50.4,0.0,47.6,0
2026-07-23 13:57:28,Farm_A,32.4,54.6,0.0,46.8,0
2026-07-23 14:57:28,Farm_A,30.7,50.5,0.0,46.0,0
2026-07-23 15:57:28,Farm_A,28.7,46.3,0.0,45.2,0
2026-07-23 16:57:28,Farm_A,28.2,57.2,0.0,44.6,0
2026-07-23 17:57:28,Farm_A,25.9,59.2,0.0,44.0,0
2026-07-23 18:57:28,Farm_A,24.3,66.8,0.0,43.6,0
2026-07-23 19:57:28,Farm_A,23.2,74.9,0.0,43.3,0
2026-07-23 20:57:28,Farm_A,19.2,79.1,0.0,43.1,0
2026-07-23 21:57:28,Farm_A,15.9,91.1,0.0,43.0,0
2026-07-23 22:57:28,Farm_A,13.9,91.4,0.0,42.9,0
2026-07-23 23:57:28,Farm_A,13.8,100.0,0.0,42.9,0
2026-07-24 00:57:28,Farm_A,11.7,100.0,0.0,42.9,0
2026-07-24 01:57:28,Farm_A,11.8,100.0,0.0,42.9,0
2026-07-24 02:57:28,Farm_A,7.4,100.0,0.0,42.9,0
2026-07-24 03:57:28,Farm_A,8.9,100.0,0.0,42.9,0
2026-07-24 04:57:28,Farm_A,11.1,100.0,0.0,42.9,0
2026-07-24 05:57:28,Farm_A,12.1,100.0,0.0,42.9,0
2026-07-24 06:57:28,Farm_A,14.2,93.5,0.0,42.9,0
2026-07-24 07:57:28,Farm_A,17.9,91.2,0.0,42.8,0
2026-07-24 08:57:28,Farm_A,19.5,81.5,0.0,42.6,0
2026-07-24 09:57:28,Farm_A,24.0,72.8,0.0,42.3,0
2026-07-24 10:57:28,Farm_A,24.3,64.0,0.0,41.8,0
2026-07-24 11:57:28,Farm_A,28.3,57.9,0.0,41.2,0
2026-07-24 12:57:28,Farm_A,28.7,53.3,0.0,40.5,0
2026-07-24 13:57:28,Farm_A,29.3,50.2,0.0,39.7,0
2026-07-24 14:57:28,Farm_A,29.8,51.2,0.0,39.0,0
2026-07-24 15:57:28,Farm_A,28.7,55.2,14.5,68.0,0
2026-07-24 16:57:28,Farm_A,28.6,49.0,0.0,67.2,0
2026-07-24 17:57:28,Farm_A,27.1,66.2,0.0,66.7,0
2026-07-24 18:57:28,Farm_A,25.5,64.2,0.0,66.2,0
2026-07-24 19:57:28,Farm_A,22.6,68.7,5.1,76.4,0
2026-07-24 20:57:28,Farm_A,21.1,82.3,0.0,76.2,0
2026-07-24 21:57:28,Farm_A,16.6,91.9,0.0,76.2,0
2026-07-24 22:57:28,Farm_A,15.6,100.0,0.0,76.2,0
2026-07-24 23:57:28,Farm_A,12.4,100.0,0.0,76.2,0
2026-07-25 00:57:28,Farm_A,11.4,100.0,0.0,76.2,0
2026-07-25 01:57:28,Farm_A,10.3,100.0,0.0,76.2,0
2026-07-25 02:57:28,Farm_A,8.9,100.0,0.0,76.2,0
2026-07-25 03:57:28,Farm_A,11.0,100.0,0.0,76.2,0
2026-07-25 04:57:28,Farm_A,10.6,100.0,0.0,76.2,0
2026-07-25 05:57:28,Farm_A,12.6,100.0,0.0,76.2,0
2026-07-25 06:57:28,Farm_A,15.2,98.9,0.0,76.1,0
2026-07-25 07:57:28,Farm_A,17.1,87.1,0.0,76.0,0
2026-07-25 08:57:28,Farm_A,20.3,82.3,0.0,75.8,0
2026-07-25 09:57:28,Farm_A,23.9,69.6,0.0,75.5,0
2026-07-25 10:57:28,Farm_A,25.3,66.0,0.0,75.0,0
2026-07-25 11:57:28,Farm_A,27.3,61.3,0.0,74.5,0
2026-07-25 12:57:28,Farm_A,29.0,51.9,0.0,73.7,0
2026-07-25 13:57:28,Farm_A,29.8,47.4,0.0,72.9,0
2026-07-25 14:57:28,Farm_A,28.8,52.0,0.0,72.2,0
2026-07-25 15:57:28,Farm_A,28.9,47.6,0.0,71.4,0
2026-07-25 16:57:28,Farm_A,29.6,55.3,0.0,70.7,0
2026-07-25 17:57:28,Farm_A,26.2,59.2,0.0,70.1,0
2026-07-25 18:57:28,Farm_A,24.1,62.6,7.1,84.3,0
2026-07-25 19:57:28,Farm_A,22.9,74.7,0.0,84.0,0
2026-07-25 20:57:28,Farm_A,22.7,80.3,0.0,83.8,0
2026-07-25 21:57:28,Farm_A,18.0,85.2,0.0,83.6,0
2026-07-25 22:57:28,Farm_A,15.0,94.6,0.0,83.6,0
2026-07-25 23:57:28,Farm_A,12.7,100.0,0.0,83.6,0
2026-07-26 00:57:28,Farm_A,11.2,100.0,14.5,100.0,0
2026-07-26 01:57:28,Farm_A,9.9,100.0,0.0,100.0,0
2026-07-26 02:57:28,Farm_A,9.6,100.0,0.0,100.0,0
2026-07-26 03:57:28,Farm_A,11.1,100.0,0.0,100.0,0
2026-07-26 04:57:28,Farm_A,10.5,100.0,0.0,100.0,0
2026-07-26 05:57:28,Farm_A,14.0,100.0,0.0,100.0,0
2026-07-26 06:57:28,Farm_A,16.1,98.2,0.0,100.0,0
2026-07-26 07:57:28,Farm_A,18.3,86.0,0.0,99.8,0
2026-07-26 08:57:28,Farm_A,20.5,91.6,0.0,99.8,0
2026-07-26 09:57:28,Farm_A,23.9,75.2,0.0,99.4,0
2026-07-26 10:57:28,Farm_A,24.7,67.3,0.0,99.0,0
2026-07-26 11:57:28,Farm_A,27.2,56.2,0.0,98.4,0
2026-07-26 12:57:28,Farm_A,31.0,48.4,0.0,97.6,0
2026-07-26 13:57:28,Farm_A,29.2,51.3,0.0,96.8,0
2026-07-26 14:57:28,Farm_A,29.5,53.3,0.0,96.1,0
2026-07-26 15:57:28,Farm_A,31.2,51.4,0.0,95.3,0
2026-07-26 16:57:28,Farm_A,27.9,54.7,0.0,94.6,0
2026-07-26 17:57:28,Farm_A,29.5,64.3,0.0,94.1,0
2026-07-26 18:57:28,Farm_A,23.0,65.6,0.0,93.6,0
2026-07-26 19:57:28,Farm_A,22.1,67.2,0.0,93.3,0
2026-07-26 20:57:28,Farm_A,20.5,82.6,0.0,93.1,0
2026-07-26 21:57:28,Farm_A,17.1,86.8,0.0,93.0,0
2026-07-26 22:57:28,Farm_A,16.8,96.2,0.0,92.9,0
2026-07-26 23:57:28,Farm_A,13.3,100.0,0.0,92.9,0
2026-07-27 00:57:28,Farm_A,9.8,100.0,0.0,92.9,0
2026-07-27 01:57:28,Farm_A,10.1,100.0,0.0,92.9,0
2026-07-27 02:57:28,Farm_A,6.8,100.0,0.0,92.9,0
2026-07-27 03:57:28,Farm_A,8.3,100.0,0.0,92.9,0
2026-07-27 04:57:28,Farm_A,10.9,100.0,0.0,92.9,0
2026-07-27 05:57:28,Farm_A,13.0,100.0,0.0,92.9,0
2026-07-27 06:57:28,Farm_A,14.0,96.4,0.0,92.9,0
2026-07-27 07:57:28,Farm_A,17.2,87.9,0.0,92.8,0
2026-07-27 08:57:28,Farm_A,20.1,82.0,0.0,92.6,0
2026-07-27 09:57:28,Farm_A,22.0,78.6,0.0,92.3,0
2026-07-27 10:57:28,Farm_A,24.8,66.8,13.8,100.0,0
2026-07-27 11:57:28,Farm_A,27.4,56.9,0.0,99.4,0
2026-07-27 12:57:28,Farm_A,29.5,52.6,0.0,98.6,0
2026-07-27 13:57:28,Farm_A,29.1,53.6,0.0,97.9,0
2026-07-27 14:57:28,Farm_A,31.0,54.4,0.0,97.2,0
2026-07-27 15:57:28,Farm_A,30.5,52.9,0.0,96.4,0
2026-07-27 16:57:28,Farm_A,29.2,51.9,0.0,95.7,0
2026-07-27 17:57:28,Farm_A,27.1,59.1,0.0,95.1,0
2026-07-27 18:57:28,Farm_A,24.3,68.5,0.0,94.7,0
2026-07-27 19:57:28,Farm_A,22.4,75.5,0.0,94.4,0
2026-07-27 20:57:28,Farm_A,19.6,80.8,0.0,94.2,0
2026-07-27 21:57:28,Farm_A,18.7,87.8,0.0,94.1,0
2026-07-27 22:57:28,Farm_A,14.8,97.6,0.0,94.1,0
2026-07-27 23:57:28,Farm_A,13.3,100.0,9.5,100.0,0
2026-07-28 00:57:28,Farm_A,10.5,100.0,0.0,100.0,0
2026-07-28 01:57:28,Farm_A,11.5,100.0,0.0,100.0,0
2026-07-28 02:57:28,Farm_A,10.6,100.0,0.0,100.0,0
2026-07-28 03:57:28,Farm_A,9.6,100.0,0.0,100.0,0
2026-07-28 04:57:28,Farm_A,12.3,100.0,0.0,100.0,0
2026-07-28 05:57:28,Farm_A,13.5,100.0,0.0,100.0,0
2026-07-28 06:57:28,Farm_A,15.2,93.5,0.0,99.9,0
2026-07-28 07:57:28,Farm_A,18.0,90.4,0.0,99.9,0
2026-07-28 08:57:28,Farm_A,18.6,75.8,0.0,99.6,0
2026-07-28 09:57:28,Farm_A,21.9,76.3,0.0,99.3,0
2026-07-28 10:57:28,Farm_A,25.3,69.4,0.0,98.9,0
2026-07-28 11:57:28,Farm_A,26.8,58.8,0.0,98.4,0
2026-07-28 12:57:28,Farm_A,29.0,51.5,0.0,97.6,0
2026-07-28 13:57:28,Farm_A,30.2,51.3,0.0,96.8,0
2026-07-28 14:57:28,Farm_A,30.7,48.8,0.0,96.0,0
2026-07-28 15:57:28,Farm_A,29.7,54.0,3.0,100.0,0
2026-07-28 16:57:28,Farm_A,29.1,54.2,0.0,99.3,0
2026-07-28 17:57:28,Farm_A,28.5,61.7,0.0,98.7,0
2026-07-28 18:57:28,Farm_A,26.2,70.4,0.0,98.3,0
2026-07-28 19:57:28,Farm_A,24.8,69.8,0.0,97.9,0
2026-07-28 20:57:28,Farm_A,19.8,75.9,0.0,97.7,0
2026-07-28 21:57:28,Farm_A,16.7,88.2,14.8,100.0,0
2026-07-28 22:57:28,Farm_A,15.3,100.0,0.0,100.0,0
2026-07-28 23:57:28,Farm_A,13.5,100.0,0.0,100.0,0
2026-07-29 00:57:28,Farm_A,10.0,100.0,0.0,100.0,0
2026-07-29 01:57:28,Farm_A,10.3,100.0,0.0,100.0,0
2026-07-29 02:57:28,Farm_A,8.3,100.0,12.9,100.0,0
2026-07-29 03:57:28,Farm_A,10.2,100.0,0.0,100.0,0
2026-07-29 04:57:28,Farm_A,11.2,100.0,0.0,100.0,0
2026-07-29 05:57:28,Farm_A,12.9,100.0,0.0,100.0,0
2026-07-29 06:57:28,Farm_A,14.7,90.2,0.0,99.9,0
2026-07-29 07:57:28,Farm_A,17.5,89.3,0.0,99.8,0
2026-07-29 08:57:28,Farm_A,21.1,84.6,0.0,99.7,0
2026-07-29 09:57:28,Farm_A,22.9,70.0,0.0,99.3,0
2026-07-29 10:57:28,Farm_A,25.1,69.7,0.0,98.9,0
2026-07-29 11:57:28,Farm_A,29.1,64.1,0.0,98.3,0
2026-07-29 12:57:28,Farm_A,27.6,53.2,0.0,97.7,0
2026-07-29 13:57:28,Farm_A,30.3,55.1,0.0,96.9,0
2026-07-29 14:57:28,Farm_A,29.6,49.0,0.0,96.2,0
2026-07-29 15:57:28,Farm_A,30.7,45.7,0.0,95.3,0
2026-07-29 16:57:28,Farm_A,29.5,53.6,0.0,94.6,0
2026-07-29 17:57:28,Farm_A,28.6,59.0,0.0,93.9,0
2026-07-29 18:57:28,Farm_A,26.0,66.0,0.0,93.5,0
2026-07-29 19:57:28,Farm_A,20.9,72.1,0.0,93.2,0
2026-07-29 20:57:28,Farm_A,20.0,81.2,0.0,93.0,0
2026-07-29 21:57:28,Farm_A,16.1,89.8,0.0,92.9,0
2026-07-29 22:57:28,Farm_A,13.9,96.5,0.0,92.9,0
2026-07-29 23:57:28,Farm_A,12.9,100.0,0.0,92.9,0
2026-07-30 00:57:28,Farm_A,10.9,100.0,0.0,92.9,0
2026-07-30 01:57:28,Farm_A,9.8,100.0,0.0,92.9,0
2026-07-30 02:57:28,Farm_A,8.6,100.0,0.0,92.9,0
2026-07-30 03:57:28,Farm_A,12.3,100.0,0.0,92.9,0
2026-07-30 04:57:28,Farm_A,11.9,100.0,0.0,92.9,0
2026-07-30 05:57:28,Farm_A,12.8,100.0,0.0,92.9,0
2026-07-30 06:57:28,Farm_A,14.3,96.7,0.0,92.8,0
2026-07-30 07:57:28,Farm_A,17.1,80.9,0.0,92.7,0
2026-07-30 08:57:28,Farm_A,19.4,73.4,0.0,92.4,0
2026-07-30 09:57:28,Farm_A,23.2,73.2,0.0,92.1,0
2026-07-30 10:57:28,Farm_A,24.0,65.2,0.0,91.6,0
2026-07-30 11:57:28,Farm_A,25.5,59.4,0.0,91.1,0
2026-07-30 12:57:28,Farm_A,28.5,53.9,0.0,90.4,0
2026-07-30 13:57:28,Farm_A,29.0,47.8,0.0,89.6,0
2026-07-30 14:57:28,Farm_A,30.2,52.7,0.0,88.8,0
2026-07-30 15:57:28,Farm_A,29.7,55.5,0.0,88.1,0
2026-07-30 16:57:28,Farm_A,31.0,57.1,0.0,87.4,0
2026-07-30 17:57:28,Farm_A,26.0,58.2,0.0,86.9,0
2026-07-30 18:57:28,Farm_A,26.4,61.1,0.0,86.3,0
2026-07-30 19:57:28,Farm_A,21.2,73.9,0.0,86.0,0
2026-07-30 20:57:28,Farm_A,19.5,78.1,0.0,85.8,0
2026-07-30 21:57:28,Farm_A,16.8,85.2,0.0,85.7,0
2026-07-30 22:57:28,Farm_A,12.5,97.1,3.5,92.7,0
2026-07-30 23:57:28,Farm_A,13.3,100.0,0.0,92.7,0
2026-07-31 00:57:28,Farm_A,10.8,100.0,0.0,92.7,0
2026-07-31 01:57:28,Farm_A,10.9,100.0,0.0,92.7,0
2026-07-31 02:57:28,Farm_A,8.3,100.0,0.0,92.7,0
2026-07-31 03:57:28,Farm_A,9.8,100.0,0.0,92.7,0
2026-07-31 04:57:28,Farm_A,9.7,100.0,0.0,92.7,0
2026-07-31 05:57:28,Farm_A,11.4,100.0,0.0,92.7,0
2026-07-31 06:57:28,Farm_A,14.9,91.4,0.0,92.6,0
2026-07-31 07:57:28,Farm_A,17.3,86.5,0.0,92.5,0
2026-07-31 08:57:28,Farm_A,21.0,78.3,0.0,92.2,0
2026-07-31 09:57:28,Farm_A,23.7,74.6,0.0,91.9,0
2026-07-31 10:57:28,Farm_A,22.5,62.6,0.0,91.5,0
2026-07-31 11:57:28,Farm_A,27.2,59.1,0.0,90.9,0
2026-07-31 12:57:28,Farm_A,28.7,53.6,0.0,90.2,0
2026-07-31 13:57:28,Farm_A,29.5,51.4,0.0,89.4,0
2026-07-31 14:57:28,Farm_A,29.5,48.7,0.0,88.6,0
2026-07-31 15:57:28,Farm_A,30.2,54.1,0.0,87.9,0
2026-07-31 16:57:28,Farm_A,29.5,53.0,0.0,87.2,0
2026-07-31 17:57:28,Farm_A,26.8,62.7,0.0,86.7,0
2026-07-31 18:57:28,Farm_A,23.1,63.9,0.0,86.2,0
2026-07-31 19:57:28,Farm_A,21.0,72.3,0.0,85.9,0
2026-07-31 20:57:28,Farm_A,20.8,73.4,0.0,85.6,0
2026-07-31 21:57:28,Farm_A,16.5,88.6,0.0,85.5,0
2026-07-31 22:57:28,Farm_A,13.5,98.4,0.0,85.5,0
2026-07-31 23:57:28,Farm_A,13.4,100.0,0.0,85.5,0
2026-08-01 00:57:28,Farm_A,11.5,100.0,0.0,85.5,0
2026-08-01 01:57:28,Farm_A,9.2,100.0,0.0,85.5,0
2026-08-01 02:57:28,Farm_A,10.1,100.0,0.0,85.5,0
2026-08-01 03:57:28,Farm_A,10.0,100.0,0.0,85.5,0
2026-08-01 04:57:28,Farm_A,11.1,100.0,0.0,85.5,0
2026-08-01 05:57:28,Farm_A,12.5,99.6,0.0,85.5,0
2026-08-01 06:57:28,Farm_A,15.9,99.1,0.0,85.5,0
2026-08-01 07:57:28,Farm_A,15.8,88.6,0.0,85.4,0
2026-08-01 08:57:28,Farm_A,18.2,84.5,0.0,85.3,0
2026-08-01 09:57:28,Farm_A,22.8,80.2,0.0,85.0,0
2026-08-01 10:57:28,Farm_A,25.1,67.2,0.0,84.6,0
2026-08-01 11:57:28,Farm_A,27.3,60.1,0.0,84.0,0
2026-08-01 12:57:28,Farm_A,30.5,58.1,0.0,83.3,0
2026-08-01 13:57:28,Farm_A,29.8,51.3,0.0,82.6,0
2026-08-01 14:57:28,Farm_A,29.0,49.6,12.9,100.0,0
2026-08-01 15:57:28,Farm_A,29.7,54.3,0.0,99.3,0
2026-08-01 16:57:28,Farm_A,28.1,53.6,0.0,98.6,0
2026-08-01 17:57:28,Farm_A,26.1,53.8,0.0,98.0,0
2026-08-01 18:57:28,Farm_A,24.8,66.9,0.0,97.5,0
2026-08-01 19:57:28,Farm_A,22.3,77.2,0.0,97.3,0
2026-08-01 20:57:28,Farm_A,18.9,79.6,0.0,97.1,0
2026-08-01 21:57:28,Farm_A,14.7,87.6,0.0,97.0,0
2026-08-01 22:57:28,Farm_A,16.1,89.5,0.0,96.9,0
2026-08-01 23:57:28,Farm_A,12.7,97.9,0.0,96.9,0
2026-08-02 00:57:28,Farm_A,11.3,100.0,0.0,96.9,0
2026-08-02 01:57:28,Farm_A,10.4,100.0,0.0,96.9,0
2026-08-02 02:57:28,Farm_A,9.9,100.0,0.0,96.9,0
2026-08-02 03:57:28,Farm_A,10.3,100.0,0.0,96.9,0
2026-08-02 04:57:28,Farm_A,12.7,98.0,0.0,96.9,0
2026-08-02 05:57:28,Farm_A,14.2,95.0,0.0,96.8,0
2026-08-02 06:57:28,Farm_A,15.3,94.2,0.0,96.8,0
2026-08-02 07:57:28,Farm_A,16.0,85.4,0.0,96.6,0
2026-08-02 08:57:28,Farm_A,19.6,79.8,0.0,96.4,0
2026-08-02 09:57:28,Farm_A,23.5,76.1,0.0,96.1,0
2026-08-02 10:57:28,Farm_A,24.3,62.8,0.0,95.7,0
2026-08-02 11:57:28,Farm_A,26.5,60.3,0.0,95.1,0
2026-08-02 12:57:28,Farm_A,28.3,53.3,0.0,94.4,0
2026-08-02 13:57:28,Farm_A,30.4,52.4,0.0,93.7,0
2026-08-02 14:57:28,Farm_A,31.6,47.0,0.0,92.8,0
2026-08-02 15:57:28,Farm_A,30.3,50.1,0.0,92.0,0
2026-08-02 16:57:28,Farm_A,27.0,59.3,0.0,91.4,0
2026-08-02 17:57:28,Farm_A,26.5,61.9,0.0,90.9,0
2026-08-02 18:57:28,Farm_A,26.3,59.7,0.0,90.3,0
2026-08-02 19:57:28,Farm_A,21.3,77.5,0.0,90.1,0
2026-08-02 20:57:28,Farm_A,18.2,78.4,0.0,89.8,0
2026-08-02 21:57:28,Farm_A,16.9,89.0,0.0,89.7,0
2026-08-02 22:57:28,Farm_A,16.0,94.9,0.0,89.7,0
2026-08-02 23:57:28,Farm_A,12.6,100.0,0.0,89.7,0
2026-08-03 00:57:28,Farm_A,13.5,100.0,0.0,89.7,0
2026-08-03 01:57:28,Farm_A,10.5,100.0,8.8,100.0,0
2026-08-03 02:57:28,Farm_A,9.5,100.0,0.0,100.0,0
2026-08-03 03:57:28,Farm_A,8.7,100.0,0.0,100.0,0
2026-08-03 04:57:28,Farm_A,12.4,100.0,0.0,100.0,0
2026-08-03 05:57:28,Farm_A,14.5,100.0,0.0,100.0,0
2026-08-03 06:57:28,Farm_A,13.2,91.2,0.0,99.9,0
2026-08-03 07:57:28,Farm_A,17.1,88.4,0.0,99.8,0
2026-08-03 08:57:28,Farm_A,19.4,75.8,0.0,99.6,0
2026-08-03 09:57:28,Farm_A,23.9,69.6,0.0,99.2,0
2026-08-03 10:57:28,Farm_A,24.1,72.9,0.0,98.9,0
2026-08-03 11:57:28,Farm_A,27.2,59.3,0.0,98.3,0
2026-08-03 12:57:28,Farm_A,28.1,54.4,0.0,97.6,0
2026-08-03 13:57:28,Farm_A,28.0,54.0,0.0,96.9,0
2026-08-03 14:57:28,Farm_A,30.0,55.3,0.0,96.2,0
2026-08-03 15:57:28,Farm_A,28.1,49.8,0.0,95.5,0
2026-08-03 16:57:28,Farm_A,29.3,56.9,0.0,94.8,0
2026-08-03 17:57:28,Farm_A,25.3,62.2,0.0,94.3,0
2026-08-03 18:57:28,Farm_A,24.9,66.9,0.0,93.9,0
2026-08-03 19:57:28,Farm_A,23.7,72.6,0.0,93.5,0
2026-08-03 20:57:28,Farm_A,20.6,83.2,0.0,93.4,0
2026-08-03 21:57:28,Farm_A,17.0,89.7,0.0,93.3,0
2026-08-03 22:57:28,Farm_A,15.4,95.6,0.0,93.2,0
2026-08-03 23:57:28,Farm_A,13.7,100.0,0.0,93.2,0
2026-08-04 00:57:28,Farm_A,10.3,100.0,0.0,93.2,0
2026-08-04 01:57:28,Farm_A,11.5,100.0,0.0,93.2,0
2026-08-04 02:57:28,Farm_A,10.9,100.0,0.0,93.2,0
2026-08-04 03:57:28,Farm_A,8.9,100.0,0.0,93.2,0
2026-08-04 04:57:28,Farm_A,11.6,100.0,0.0,93.2,0
2026-08-04 05:57:28,Farm_A,12.7,100.0,0.0,93.2,0
2026-08-04 06:57:28,Farm_A,16.4,95.6,0.0,93.2,0
2026-08-04 07:57:28,Farm_A,18.3,88.6,0.0,93.1,0
2026-08-04 08:57:28,Farm_A,20.1,83.2,0.0,92.9,0
2026-08-04 09:57:28,Farm_A,23.8,70.2,0.0,92.5,0
2026-08-04 10:57:28,Farm_A,27.3,63.9,0.0,92.0,0
2026-08-04 11:57:28,Farm_A,25.4,53.5,0.0,91.4,0
2026-08-04 12:57:28,Farm_A,28.2,53.2,0.0,90.7,0
2026-08-04 13:57:28,Farm_A,28.7,47.9,0.0,89.9,0
2026-08-04 14:57:28,Farm_A,30.0,50.7,0.0,89.1,0
2026-08-04 15:57:28,Farm_A,28.6,53.1,0.0,88.4,0
2026-08-04 16:57:28,Farm_A,29.6,53.4,0.0,87.7,0
2026-08-04 17:57:28,Farm_A,29.4,56.8,0.0,87.0,0
2026-08-04 18:57:28,Farm_A,25.2,66.5,0.0,86.6,0
2026-08-04 19:57:28,Farm_A,21.0,72.5,0.0,86.3,0
2026-08-04 20:57:28,Farm_A,19.4,78.3,0.0,86.1,0
2026-08-04 21:57:28,Farm_A,16.9,87.3,13.5,100.0,0
2026-08-04 22:57:28,Farm_A,14.6,91.5,0.0,99.9,0
2026-08-04 23:57:28,Farm_A,12.1,100.0,0.0,99.9,0
2026-08-05 00:57:28,Farm_A,10.6,100.0,0.0,99.9,0
2026-08-05 01:57:28,Farm_A,11.9,100.0,0.0,99.9,0
2026-08-05 02:57:28,Farm_A,9.6,100.0,0.0,99.9,0
2026-08-05 03:57:28,Farm_A,10.6,100.0,0.0,99.9,0
2026-08-05 04:57:28,Farm_A,10.5,100.0,0.0,99.9,0
2026-08-05 05:57:28,Farm_A,11.5,99.0,0.0,99.9,0
2026-08-05 06:57:28,Farm_A,14.2,95.0,0.0,99.9,0
2026-08-05 07:57:28,Farm_A,16.9,88.4,0.0,99.8,0
2026-08-05 08:57:28,Farm_A,16.5,77.4,0.0,99.6,0
2026-08-05 09:57:28,Farm_A,22.1,75.4,0.0,99.3,0
2026-08-05 10:57:28,Farm_A,23.4,66.4,0.0,98.9,0
2026-08-05 11:57:28,Farm_A,27.7,62.1,0.0,98.3,0
2026-08-05 12:57:28,Farm_A,29.1,56.2,0.0,97.7,0
2026-08-05 13:57:28,Farm_A,30.7,54.5,0.0,96.9,0
2026-08-05 14:57:28,Farm_A,29.4,51.4,0.0,96.2,0
2026-08-05 15:57:28,Farm_A,29.5,51.5,0.0,95.4,0
2026-08-05 16:57:28,Farm_A,28.0,55.5,0.0,94.8,0
2026-08-05 17:57:28,Farm_A,27.1,62.6,0.0,94.2,0
2026-08-05 18:57:28,Farm_A,25.8,60.5,10.2,100.0,0
2026-08-05 19:57:28,Farm_A,23.3,68.2,0.0,99.6,0
2026-08-05 20:57:28,Farm_A,19.7,80.7,0.0,99.4,0
2026-08-05 21:57:28,Farm_A,17.9,87.9,0.0,99.3,0
2026-08-05 22:57:28,Farm_A,15.6,95.6,0.0,99.3,0
2026-08-05 23:57:28,Farm_A,13.1,100.0,0.0,99.3,0
2026-08-06 00:57:28,Farm_A,12.4,100.0,0.0,99.3,0
2026-08-06 01:57:28,Farm_A,8.5,100.0,0.0,99.3,0
2026-08-06 02:57:28,Farm_A,9.4,100.0,0.0,99.3,0
2026-08-06 03:57:28,Farm_A,10.2,100.0,0.0,99.3,0
2026-08-06 04:57:28,Farm_A,10.8,100.0,0.0,99.3,0
2026-08-06 05:57:28,Farm_A,11.7,100.0,0.0,99.3,0
2026-08-06 06:57:28,Farm_A,14.0,97.1,0.0,99.2,0
2026-08-06 07:57:28,Farm_A,18.5,91.7,0.0,99.2,0
2026-08-06 08:57:28,Farm_A,20.7,79.7,0.0,98.9,0
2026-08-06 09:57:28,Farm_A,21.4,77.2,0.0,98.7,0
2026-08-06 10:57:28,Farm_A,25.0,65.7,0.0,98.2,0
2026-08-06 11:57:28,Farm_A,26.4,56.8,0.0,97.6,0
2026-08-06 12:57:28,Farm_A,27.4,58.4,0.0,97.0,0
2026-08-06 13:57:28,Farm_A,30.2,50.9,0.0,96.2,0
2026-08-06 14:57:28,Farm_A,30.3,51.4,0.0,95.5,0
2026-08-06 15:57:28,Farm_A,30.1,52.8,0.0,94.7,0
2026-08-06 16:57:28,Farm_A,28.9,56.1,0.0,94.1,0
2026-08-06 17:57:28,Farm_A,26.0,58.6,0.0,93.5,0
2026-08-06 18:57:28,Farm_A,24.3,70.4,0.0,93.1,0
2026-08-06 19:57:28,Farm_A,21.8,72.2,0.0,92.8,0
2026-08-06 20:57:28,Farm_A,20.8,78.0,0.0,92.6,0
2026-08-06 21:57:28,Farm_A,17.1,87.7,0.0,92.4,0
2026-08-06 22:57:28,Farm_A,14.5,87.7,0.0,92.3,0
2026-08-06 23:57:28,Farm_A,14.0,97.9,0.0,92.3,0
2026-08-07 00:57:28,Farm_A,10.4,100.0,0.0,92.3,0
2026-08-07 01:57:28,Farm_A,12.7,100.0,0.0,92.3,0
2026-08-07 02:57:28,Farm_A,9.8,100.0,0.0,92.3,0
2026-08-07 03:57:28,Farm_A,9.5,100.0,0.0,92.3,0
2026-08-07 04:57:28,Farm_A,10.3,100.0,0.0,92.3,0
2026-08-07 05:57:28,Farm_A,13.9,100.0,0.0,92.3,0
2026-08-07 06:57:28,Farm_A,16.4,97.8,0.0,92.3,0
2026-08-07 07:57:28,Farm_A,19.2,88.8,0.0,92.2,0
2026-08-07 08:57:28,Farm_A,20.9,81.9,0.0,92.0,0
2026-08-07 09:57:28,Farm_A,22.7,75.1,0.0,91.7,0
2026-08-07 10:57:28,Farm_A,27.1,62.9,0.0,91.2,0
2026-08-07 11:57:28,Farm_A,26.7,59.4,0.0,90.6,0
2026-08-07 12:57:28,Farm_A,28.0,52.6,0.0,89.9,0
2026-08-07 13:57:28,Farm_A,28.6,49.4,0.0,89.1,0
2026-08-07 14:57:28,Farm_A,30.0,56.4,0.0,88.5,0
2026-08-07 15:57:28,Farm_A,28.7,53.3,14.7,100.0,0
2026-08-07 16:57:28,Farm_A,27.5,55.7,0.0,99.4,0
2026-08-07 17:57:28,Farm_A,26.8,53.8,0.0,98.7,0
2026-08-07 18:57:28,Farm_A,25.9,67.6,0.0,98.3,0
2026-08-07 19:57:28,Farm_A,21.4,67.8,2.5,100.0,0
2026-08-07 20:57:28,Farm_A,20.2,83.1,0.0,99.8,0
2026-08-07 21:57:28,Farm_A,17.3,93.1,0.0,99.8,0
2026-08-07 22:57:28,Farm_A,14.8,97.7,0.0,99.7,0
2026-08-07 23:57:28,Farm_A,13.7,100.0,0.0,99.7,0
2026-08-08 00:57:28,Farm_A,12.8,100.0,0.0,99.7,0
2026-08-08 01:57:28,Farm_A,10.7,100.0,0.0,99.7,0
2026-08-08 02:57:28,Farm_A,9.4,100.0,4.4,100.0,0
2026-08-08 03:57:28,Farm_A,10.3,100.0,0.0,100.0,0
2026-08-08 04:57:28,Farm_A,11.2,100.0,0.0,100.0,0
2026-08-08 05:57:28,Farm_A,14.1,96.0,0.0,100.0,0
2026-08-08 06:57:28,Farm_A,15.4,94.7,0.0,99.9,0
2026-08-08 07:57:28,Farm_A,16.1,91.2,0.0,99.9,0
2026-08-08 08:57:28,Farm_A,18.4,79.2,0.0,99.7,0
2026-08-08 09:57:28,Farm_A,22.7,68.4,0.0,99.3,0
2026-08-08 10:57:28,Farm_A,24.7,68.7,0.0,98.9,0
2026-08-08 11:57:28,Farm_A,28.6,61.3,0.0,98.3,0
2026-08-08 12:57:28,Farm_A,29.5,57.7,0.0,97.6,0
2026-08-08 13:57:28,Farm_A,30.0,52.3,0.0,96.9,0
2026-08-08 14:57:28,Farm_A,29.7,51.1,0.0,96.1,0
2026-08-08 15:57:28,Farm_A,29.6,50.9,0.0,95.3,0
2026-08-08 16:57:28,Farm_A,28.5,50.9,0.0,94.6,0
2026-08-08 17:57:28,Farm_A,27.1,52.8,0.0,93.9,0
2026-08-08 18:57:28,Farm_A,25.1,66.4,0.0,93.5,0
2026-08-08 19:57:28,Farm_A,23.6,63.5,0.0,93.0,0
2026-08-08 20:57:28,Farm_A,19.1,81.2,0.0,92.8,0
2026-08-08 21:57:28,Farm_A,18.5,84.6,0.0,92.7,0
2026-08-08 22:57:28,Farm_A,15.3,93.0,0.0,92.6,0
2026-08-08 23:57:28,Farm_A,12.7,100.0,0.0,92.6,0
2026-08-09 00:57:28,Farm_A,11.3,100.0,0.0,92.6,0
2026-08-09 01:57:28,Farm_A,10.5,100.0,0.0,92.6,0
2026-08-09 02:57:28,Farm_A,10.2,100.0,0.0,92.6,0
2026-08-09 03:57:28,Farm_A,11.0,100.0,0.0,92.6,0
2026-08-09 04:57:28,Farm_A,10.6,100.0,0.0,92.6,0
2026-08-09 05:57:28,Farm_A,12.9,100.0,0.0,92.6,0
2026-08-09 06:57:28,Farm_A,15.3,99.3,0.0,92.6,0
2026-08-09 07:57:28,Farm_A,17.2,90.7,0.0,92.6,0
2026-08-09 08:57:28,Farm_A,21.0,81.7,0.0,92.3,0
2026-08-09 09:57:28,Farm_A,22.3,76.4,0.0,92.1,0
2026-08-09 10:57:28,Farm_A,25.1,61.9,0.0,91.6,0
2026-08-09 11:57:28,Farm_A,26.0,54.5,0.0,90.9,0
2026-08-09 12:57:28,Farm_A,27.8,58.7,0.0,90.3,0
2026-08-09 13:57:28,Farm_A,29.0,47.1,0.0,89.5,0
2026-08-09 14:57:28,Farm_A,30.2,47.9,0.0,88.7,0
2026-08-09 15:57:28,Farm_A,29.0,57.8,0.0,88.1,0
2026-08-09 16:57:28,Farm_A,28.7,57.4,0.0,87.4,0
2026-08-09 17:57:28,Farm_A,25.7,53.9,0.0,86.8,0
2026-08-09 18:57:28,Farm_A,27.3,67.2,0.0,86.3,0
2026-08-09 19:57:28,Farm_A,23.2,74.8,2.2,90.7,0
2026-08-09 20:57:28,Farm_A,20.8,80.8,0.0,90.5,0
2026-08-09 21:57:28,Farm_A,17.2,89.4,0.0,90.4,0
2026-08-09 22:57:28,Farm_A,13.3,94.7,0.0,90.4,0
2026-08-09 23:57:28,Farm_A,13.9,99.4,0.0,90.4,0
2026-08-10 00:57:28,Farm_A,12.3,100.0,0.0,90.4,0
2026-08-10 01:57:28,Farm_A,9.7,100.0,0.0,90.4,0
2026-08-10 02:57:28,Farm_A,10.6,100.0,0.0,90.4,0
2026-08-10 03:57:28,Farm_A,12.2,100.0,0.0,90.4,0
2026-08-10 04:57:28,Farm_A,9.7,100.0,8.3,100.0,0
2026-08-10 05:57:28,Farm_A,13.2,100.0,0.0,100.0,0
2026-08-10 06:57:28,Farm_A,15.5,95.4,0.0,100.0,0
2026-08-10 07:57:28,Farm_A,17.5,87.9,0.0,99.9,0
2026-08-10 08:57:28,Farm_A,20.5,76.1,0.0,99.6,0
2026-08-10 09:57:28,Farm_A,21.3,70.2,0.0,99.3,0
2026-08-10 10:57:28,Farm_A,25.8,63.3,0.0,98.8,0
2026-08-10 11:57:28,Farm_A,26.4,59.6,0.0,98.2,0
2026-08-10 12:57:28,Farm_A,30.9,50.3,0.0,97.4,0
2026-08-10 13:57:28,Farm_A,30.3,52.3,0.0,96.6,0
2026-08-10 14:57:28,Farm_A,31.2,54.9,0.0,95.9,0
2026-08-10 15:57:28,Farm_A,29.1,46.9,0.0,95.1,0
2026-08-10 16:57:28,Farm_A,29.0,54.0,0.0,94.4,0
2026-08-10 17:57:28,Farm_A,26.3,63.7,0.0,93.9,0
2026-08-10 18:57:28,Farm_A,26.0,68.3,3.7,100.0,0
2026-08-10 19:57:28,Farm_A,22.9,70.6,0.0,99.6,0
2026-08-10 20:57:28,Farm_A,19.6,79.4,0.0,99.4,0
2026-08-10 21:57:28,Farm_A,16.3,85.6,0.0,99.3,0
2026-08-10 22:57:28,Farm_A,15.0,92.7,0.0,99.3,0
2026-08-10 23:57:28,Farm_A,12.3,100.0,0.0,99.3,0
2026-08-11 00:57:28,Farm_A,11.7,100.0,0.0,99.3,0
2026-08-11 01:57:28,Farm_A,9.2,100.0,0.0,99.3,0
2026-08-11 02:57:28,Farm_A,11.7,100.0,0.0,99.3,0
2026-08-11 03:57:28,Farm_A,10.4,100.0,4.3,100.0,0
2026-08-11 04:57:28,Farm_A,10.3,100.0,0.0,100.0,0
2026-08-11 05:57:28,Farm_A,12.8,98.5,0.0,100.0,0
2026-08-11 06:57:28,Farm_A,16.3,91.4,0.0,99.9,0
2026-08-11 07:57:28,Farm_A,16.3,86.8,14.1,100.0,0
2026-08-11 08:57:28,Farm_A,21.2,80.4,0.0,99.8,0
2026-08-11 09:57:28,Farm_A,21.8,72.9,0.0,99.5,0
2026-08-11 10:57:28,Farm_A,25.1,64.5,0.0,99.0,0
2026-08-11 11:57:28,Farm_A,26.0,56.1,0.0,98.4,0
2026-08-11 12:57:28,Farm_A,26.8,55.5,0.0,97.8,0
2026-08-11 13:57:28,Farm_A,31.8,47.6,0.0,96.9,0
2026-08-11 14:57:28,Farm_A,30.0,52.5,13.1,100.0,0
2026-08-11 15:57:28,Farm_A,29.7,50.7,0.0,99.2,0
2026-08-11 16:57:28,Farm_A,29.2,55.8,0.0,98.5,0
2026-08-11 17:57:28,Farm_A,26.9,56.5,0.0,97.9,0
2026-08-11 18:57:28,Farm_A,24.0,68.9,10.3,100.0,0
2026-08-11 19:57:28,Farm_A,22.4,72.8,0.0,99.7,0
2026-08-11 20:57:28,Farm_A,20.0,82.5,0.0,99.5,0
2026-08-11 21:57:28,Farm_A,16.8,89.4,0.0,99.4,0
2026-08-11 22:57:28,Farm_A,13.9,94.1,0.0,99.4,0
2026-08-11 23:57:28,Farm_A,13.4,100.0,0.0,99.4,0
2026-08-12 00:57:28,Farm_A,11.4,100.0,0.0,99.4,0
2026-08-12 01:57:28,Farm_A,10.6,100.0,0.0,99.4,0
2026-08-12 02:57:28,Farm_A,11.5,100.0,0.0,99.4,0
2026-08-12 03:57:28,Farm_A,9.7,100.0,2.8,100.0,0
2026-08-12 04:57:28,Farm_A,10.8,100.0,0.0,100.0,0
2026-08-12 05:57:28,Farm_A,12.3,100.0,0.0,100.0,0
2026-08-12 06:57:28,Farm_A,15.0,92.8,12.6,100.0,0
2026-08-12 07:57:28,Farm_A,15.9,90.5,0.0,99.9,0
2026-08-12 08:57:28,Farm_A,17.4,82.8,0.0,99.8,0
2026-08-12 09:57:28,Farm_A,22.5,75.2,0.0,99.5,0
2026-08-12 10:57:28,Farm_A,23.8,59.6,0.0,99.0,0
2026-08-12 11:57:28,Farm_A,27.9,61.1,0.0,98.4,0
2026-08-12 12:57:28,Farm_A,28.1,46.2,0.0,97.6,0
2026-08-12 13:57:28,Farm_A,30.5,48.6,0.0,96.8,0
2026-08-12 14:57:28,Farm_A,28.5,50.6,0.0,96.0,0
2026-08-12 15:57:28,Farm_A,28.7,50.9,0.0,95.3,0
2026-08-12 16:57:28,Farm_A,29.9,53.5,0.0,94.6,0
2026-08-12 17:57:28,Farm_A,25.9,58.7,0.0,94.0,0
2026-08-12 18:57:28,Farm_A,24.8,70.1,0.0,93.6,0
2026-08-12 19:57:28,Farm_A,21.7,65.4,0.0,93.2,0
2026-08-12 20:57:28,Farm_A,19.3,83.1,0.0,93.0,0
2026-08-12 21:57:28,Farm_A,15.8,86.5,0.0,92.9,0
2026-08-12 22:57:28,Farm_A,17.2,93.2,0.0,92.9,0
2026-08-12 23:57:28,Farm_A,13.2,100.0,0.0,92.9,0
2026-08-13 00:57:28,Farm_A,11.4,100.0,0.0,92.9,0
2026-08-13 01:57:28,Farm_A,10.4,100.0,0.0,92.9,0
2026-08-13 02:57:28,Farm_A,9.6,100.0,0.0,92.9,0
2026-08-13 03:57:28,Farm_A,9.5,100.0,0.0,92.9,0
2026-08-13 04:57:28,Farm_A,12.5,100.0,0.0,92.9,0
2026-08-13 05:57:28,Farm_A,12.5,99.9,0.0,92.9,0
2026-08-13 06:57:28,Farm_A,16.2,97.2,0.0,92.8,0
2026-08-13 07:57:28,Farm_A,18.0,91.7,0.0,92.8,0
2026-08-13 08:57:28,Farm_A,19.7,79.2,0.0,92.5,0
2026-08-13 09:57:28,Farm_A,23.2,75.9,0.0,92.3,0
2026-08-13 10:57:28,Farm_A,24.4,67.8,9.8,100.0,0
2026-08-13 11:57:28,Farm_A,28.6,60.3,0.0,99.4,0
2026-08-13 12:57:28,Farm_A,27.8,55.1,0.0,98.7,0
2026-08-13 13:57:28,Farm_A,28.6,45.1,0.0,97.9,0
2026-08-13 14:57:28,Farm_A,30.6,50.4,0.0,97.1,0
2026-08-13 15:57:28,Farm_A,29.4,50.2,0.0,96.3,0
2026-08-13 16:57:28,Farm_A,27.3,56.8,0.0,95.7,0
2026-08-13 17:57:28,Farm_A,26.9,59.6,0.0,95.2,0
2026-08-13 18:57:28,Farm_A,26.2,64.6,0.0,94.7,0
2026-08-13 19:57:28,Farm_A,23.3,75.8,0.0,94.4,0
2026-08-13 20:57:28,Farm_A,20.3,80.1,0.0,94.2,0
2026-08-13 21:57:28,Farm_A,17.8,85.8,0.0,94.0,0
2026-08-13 22:57:28,Farm_A,15.0,90.5,0.0,93.9,0
2026-08-13 23:57:28,Farm_A,13.2,100.0,0.0,93.9,0
2026-08-14 00:57:28,Farm_A,9.4,100.0,0.0,93.9,0
2026-08-14 01:57:28,Farm_A,11.1,100.0,0.0,93.9,0
2026-08-14 02:57:28,Farm_A,9.4,100.0,0.0,93.9,0
2026-08-14 03:57:28,Farm_A,10.1,100.0,0.0,93.9,0
2026-08-14 04:57:28,Farm_A,11.6,100.0,0.0,93.9,0
2026-08-14 05:57:28,Farm_A,11.7,100.0,0.0,93.9,0
2026-08-14 06:57:28,Farm_A,15.3,99.4,0.0,93.9,0
2026-08-14 07:57:28,Farm_A,16.6,89.7,6.8,100.0,0
2026-08-14 08:57:28,Farm_A,19.1,78.7,0.0,99.8,0
2026-08-14 09:57:28,Farm_A,21.8,66.0,0.0,99.4,0
2026-08-14 10:57:28,Farm_A,25.2,67.8,0.0,99.0,0
2026-08-14 11:57:28,Farm_A,28.8,56.5,0.0,98.3,0
2026-08-14 12:57:28,Farm_A,27.1,57.8,0.0,97.7,0
2026-08-14 13:57:28,Farm_A,29.8,48.5,0.0,96.9,0
2026-08-14 14:57:28,Farm_A,29.4,50.6,0.0,96.1,0
2026-08-14 15:57:28,Farm_A,31.5,56.7,0.0,95.4,0
2026-08-14 16:57:28,Farm_A,29.7,55.8,0.0,94.7,0
2026-08-14 17:57:28,Farm_A,27.1,62.7,0.0,94.2,0
2026-08-14 18:57:28,Farm_A,24.8,63.6,0.0,93.7,0
2026-08-14 19:57:28,Farm_A,23.5,74.3,0.0,93.4,0
2026-08-14 20:57:28,Farm_A,18.9,79.4,0.0,93.2,0
2026-08-14 21:57:28,Farm_A,16.6,87.4,0.0,93.1,0
2026-08-14 22:57:28,Farm_A,16.5,96.9,14.1,100.0,0
2026-08-14 23:57:28,Farm_A,11.9,100.0,0.0,100.0,0
2026-08-15 00:57:28,Farm_A,11.0,100.0,0.0,100.0,0
2026-08-15 01:57:28,Farm_A,10.0,100.0,0.0,100.0,0
2026-08-15 02:57:28,Farm_A,8.7,100.0,0.0,100.0,0
2026-08-15 03:57:28,Farm_A,10.5,100.0,0.0,100.0,0
2026-08-15 04:57:28,Farm_A,12.4,100.0,0.0,100.0,0
2026-08-15 05:57:28,Farm_A,13.4,99.6,0.0,100.0,0
2026-08-15 06:57:28,Farm_A,13.9,94.8,0.0,100.0,0
2026-08-15 07:57:28,Farm_A,17.4,93.1,0.0,99.9,0
2026-08-15 08:57:28,Farm_A,20.9,82.3,0.0,99.7,0
2026-08-15 09:57:28,Farm_A,21.6,73.1,0.0,99.4,0
2026-08-15 10:57:28,Farm_A,25.4,65.4,0.0,98.9,0
2026-08-15 11:57:28,Farm_A,27.0,58.2,0.0,98.3,0
2026-08-15 12:57:28,Farm_A,29.0,53.4,0.0,97.6,0
2026-08-15 13:57:28,Farm_A,30.6,48.6,0.0,96.8,0
2026-08-15 14:57:28,Farm_A,29.5,50.0,0.0,96.0,0
2026-08-15 15:57:28,Farm_A,27.2,53.7,0.0,95.4,0
2026-08-15 16:57:28,Farm_A,28.9,54.3,0.0,94.7,0
2026-08-15 17:57:28,Farm_A,25.5,57.2,0.0,94.1,0
2026-08-15 18:57:28,Farm_A,23.9,66.7,0.0,93.7,0
2026-08-15 19:57:28,Farm_A,23.1,72.1,0.0,93.3,0
2026-08-15 20:57:28,Farm_A,19.2,79.1,0.0,93.1,0
2026-08-15 21:57:28,Farm_A,16.7,85.3,0.0,93.0,0
2026-08-15 22:57:28,Farm_A,16.0,100.0,0.0,93.0,0
2026-08-15 23:57:28,Farm_A,13.4,100.0,0.0,93.0,0
2026-08-16 00:57:28,Farm_A,11.7,100.0,0.0,93.0,0
2026-08-16 01:57:28,Farm_A,9.3,100.0,0.0,93.0,0
2026-08-16 02:57:28,Farm_A,9.6,100.0,0.0,93.0,0
2026-08-16 03:57:28,Farm_A,11.0,100.0,0.0,93.0,0
2026-08-16 04:57:28,Farm_A,12.7,100.0,0.0,93.0,0
2026-08-16 05:57:28,Farm_A,12.3,98.8,0.0,93.0,0
2026-08-16 06:57:28,Farm_A,16.2,92.7,0.0,92.9,0
2026-08-16 07:57:28,Farm_A,17.7,87.0,0.0,92.8,0
2026-08-16 08:57:28,Farm_A,19.6,81.5,0.0,92.6,0
2026-08-16 09:57:28,Farm_A,23.5,72.0,0.0,92.3,0
2026-08-16 10:57:28,Farm_A,24.0,65.0,0.0,91.8,0
2026-08-16 11:57:28,Farm_A,26.6,62.2,0.0,91.3,0
2026-08-16 12:57:28,Farm_A,26.8,54.6,0.0,90.7,0
2026-08-16 13:57:28,Farm_A,31.5,54.3,0.0,89.9,0
2026-08-16 14:57:28,Farm_A,30.8,49.4,0.0,89.1,0
2026-08-16 15:57:28,Farm_A,30.1,48.5,0.0,88.3,0
2026-08-16 16:57:28,Farm_A,29.5,52.7,0.0,87.5,0
2026-08-16 17:57:28,Farm_A,26.7,57.6,0.0,86.9,0
2026-08-16 18:57:28,Farm_A,25.3,67.3,0.0,86.5,0
2026-08-16 19:57:28,Farm_A,24.7,69.0,0.0,86.1,0
2026-08-16 20:57:28,Farm_A,20.2,80.7,0.0,85.9,0
2026-08-16 21:57:28,Farm_A,17.3,89.1,10.7,100.0,0
2026-08-16 22:57:28,Farm_A,13.9,96.3,0.0,100.0,0
2026-08-16 23:57:28,Farm_A,11.7,100.0,0.0,100.0,0
2026-08-17 00:57:28,Farm_A,12.5,100.0,0.0,100.0,0
2026-08-17 01:57:28,Farm_A,9.5,100.0,0.0,100.0,0
2026-08-17 02:57:28,Farm_A,10.2,100.0,0.0,100.0,0
2026-08-17 03:57:28,Farm_A,10.0,100.0,0.0,100.0,0
2026-08-17 04:57:28,Farm_A,9.2,100.0,0.0,100.0,0
2026-08-17 05:57:28,Farm_A,12.4,100.0,0.0,100.0,0
2026-08-17 06:57:28,Farm_A,15.8,96.6,0.0,99.9,0
2026-08-17 07:57:28,Farm_A,16.8,86.5,0.0,99.8,0
2026-08-17 08:57:28,Farm_A,21.6,79.0,0.0,99.6,0
2026-08-17 09:57:28,Farm_A,21.1,76.0,0.0,99.3,0
2026-08-17 10:57:28,Farm_A,25.4,64.9,0.0,98.9,0
2026-08-17 11:57:28,Farm_A,27.4,56.4,0.0,98.2,0
2026-08-17 12:57:28,Farm_A,28.2,54.6,0.0,97.5,0
2026-08-17 13:57:28,Farm_A,29.3,52.6,0.0,96.8,0
2026-08-17 14:57:28,Farm_A,30.9,46.0,0.0,95.9,0
2026-08-17 15:57:28,Farm_A,27.7,51.4,0.0,95.2,0
2026-08-17 16:57:28,Farm_A,29.2,54.6,0.0,94.5,0
2026-08-17 17:57:28,Farm_A,27.8,60.8,0.0,94.0,0
2026-08-17 18:57:28,Farm_A,25.4,64.3,0.0,93.5,0
2026-08-17 19:57:28,Farm_A,21.6,72.7,0.0,93.2,0
2026-08-17 20:57:28,Farm_A,21.1,79.6,0.0,92.9,0
2026-08-17 21:57:28,Farm_A,17.7,87.6,0.0,92.8,0
2026-08-17 22:57:28,Farm_A,14.5,94.7,0.0,92.8,0
2026-08-17 23:57:28,Farm_A,12.7,100.0,0.0,92.8,0
2026-08-18 00:57:28,Farm_A,11.9,100.0,0.0,92.8,0
2026-08-18 01:57:28,Farm_A,11.2,100.0,0.0,92.8,0
2026-08-18 02:57:28,Farm_A,10.4,100.0,0.0,92.8,0
2026-08-18 03:57:28,Farm_A,8.5,100.0,0.0,92.8,0
2026-08-18 04:57:28,Farm_A,10.3,100.0,0.0,92.8,0
2026-08-18 05:57:28,Farm_A,13.4,100.0,0.0,92.8,0
2026-08-18 06:57:28,Farm_A,14.9,94.5,0.0,92.7,0
2026-08-18 07:57:28,Farm_A,17.5,86.4,13.1,100.0,0
2026-08-18 08:57:28,Farm_A,19.3,80.1,0.0,99.8,0
2026-08-18 09:57:28,Farm_A,21.7,73.0,0.0,99.5,0
2026-08-18 10:57:28,Farm_A,25.3,66.9,0.0,99.1,0
2026-08-18 11:57:28,Farm_A,27.3,61.8,0.0,98.5,0
2026-08-18 12:57:28,Farm_A,26.9,52.0,0.0,97.8,0
2026-08-18 13:57:28,Farm_A,30.2,55.1,0.0,97.1,0
2026-08-18 14:57:28,Farm_A,32.1,46.7,0.0,96.2,0
2026-08-18 15:57:28,Farm_A,31.3,53.2,0.0,95.4,0
2026-08-18 16:57:28,Farm_A,27.7,54.1,0.0,94.8,0
2026-08-18 17:57:28,Farm_A,29.2,58.3,9.8,100.0,0
2026-08-18 18:57:28,Farm_A,25.0,70.1,0.0,99.6,0
2026-08-18 19:57:28,Farm_A,22.5,71.7,0.0,99.3,0
2026-08-18 20:57:28,Farm_A,19.4,79.9,0.0,99.1,0
2026-08-18 21:57:28,Farm_A,17.2,81.6,0.0,98.9,0
2026-08-18 22:57:28,Farm_A,13.5,97.3,0.0,98.9,0
2026-08-18 23:57:28,Farm_A,12.7,100.0,0.0,98.9,0
2026-08-19 00:57:28,Farm_A,11.0,100.0,0.0,98.9,0
2026-08-19 01:57:28,Farm_A,10.8,100.0,0.0,98.9,0
2026-08-19 02:57:28,Farm_A,9.8,100.0,0.0,98.9,0
2026-08-19 03:57:28,Farm_A,9.5,100.0,0.0,98.9,0
2026-08-19 04:57:28,Farm_A,12.4,100.0,0.0,98.9,0
2026-08-19 05:57:28,Farm_A,12.5,99.3,0.0,98.9,0
2026-08-19 06:57:28,Farm_A,13.2,90.2,0.0,98.8,0
2026-08-19 07:57:28,Farm_A,18.2,92.4,0.0,98.7,0
2026-08-19 08:57:28,Farm_A,19.5,80.4,0.0,98.5,0
2026-08-19 09:57:28,Farm_A,22.7,70.4,0.0,98.2,0
2026-08-19 10:57:28,Farm_A,24.7,62.3,0.0,97.7,0
2026-08-19 11:57:28,Farm_A,26.2,57.9,0.0,97.1,0
2026-08-19 12:57:28,Farm_A,28.5,54.2,0.0,96.4,0
2026-08-19 13:57:28,Farm_A,30.2,50.5,0.0,95.6,0
2026-08-19 14:57:28,Farm_A,28.9,54.2,0.0,94.9,0
2026-08-19 15:57:28,Farm_A,29.9,53.3,0.0,94.2,0
2026-08-19 16:57:28,Farm_A,28.0,55.1,0.0,93.5,0
2026-08-19 17:57:28,Farm_A,27.1,56.6,0.0,92.9,0
2026-08-19 18:57:28,Farm_A,25.0,64.4,0.0,92.5,0
2026-08-19 19:57:28,Farm_A,25.3,70.8,0.0,92.1,0
2026-08-19 20:57:28,Farm_A,20.2,76.9,0.0,91.8,0
2026-08-19 21:57:28,Farm_A,18.3,91.6,0.0,91.7,0
2026-08-19 22:57:28,Farm_A,14.4,100.0,0.0,91.7,0
2026-08-19 23:57:28,Farm_A,12.0,97.9,0.0,91.7,0
2026-08-20 00:57:28,Farm_A,12.7,100.0,0.0,91.7,0
2026-08-20 01:57:28,Farm_A,8.5,100.0,0.0,91.7,0
2026-08-20 02:57:28,Farm_A,11.3,100.0,0.0,91.7,0
2026-08-20 03:57:28,Farm_A,9.4,100.0,0.0,91.7,0
2026-08-20 04:57:28,Farm_A,10.2,100.0,0.0,91.7,0
2026-08-20 05:57:28,Farm_A,12.0,99.9,0.0,91.7,0
2026-08-20 06:57:28,Farm_A,16.3,99.2,0.0,91.7,0
2026-08-20 07:57:28,Farm_A,17.3,85.6,0.0,91.6,0
2026-08-20 08:57:28,Farm_A,21.0,84.8,0.0,91.4,0
2026-08-20 09:57:28,Farm_A,24.5,70.8,0.0,91.0,0
2026-08-20 10:57:28,Farm_A,24.5,65.0,0.0,90.6,0
2026-08-20 11:57:28,Farm_A,27.0,60.0,0.0,90.0,0
2026-08-20 12:57:28,Farm_A,28.6,52.9,0.0,89.3,0
2026-08-20 13:57:28,Farm_A,27.9,50.0,0.0,88.6,0
2026-08-20 14:57:28,Farm_A,30.7,49.0,0.0,87.8,0
2026-08-20 15:57:28,Farm_A,28.1,46.6,0.0,87.0,0
2026-08-20 16:57:28,Farm_A,27.5,54.4,0.0,86.3,0
2026-08-20 17:57:28,Farm_A,28.6,59.5,0.0,85.7,0
2026-08-20 18:57:28,Farm_A,23.2,63.4,0.0,85.3,0
2026-08-20 19:57:28,Farm_A,21.3,69.6,9.3,100.0,0
2026-08-20 20:57:28,Farm_A,21.0,74.5,0.0,99.7,0
2026-08-20 21:57:28,Farm_A,19.5,85.0,0.0,99.6,0
2026-08-20 22:57:28,Farm_A,15.3,97.7,0.0,99.5,0
2026-08-20 23:57:28,Farm_A,11.7,100.0,0.0,99.5,0
2026-08-21 00:57:28,Farm_A,11.3,100.0,0.0,99.5,0
2026-08-21 01:57:28,Farm_A,10.6,100.0,0.0,99.5,0
2026-08-21 02:57:28,Farm_A,9.6,100.0,0.0,99.5,0
2026-08-21 03:57:28,Farm_A,11.0,100.0,0.0,99.5,0
2026-08-21 04:57:28,Farm_A,11.2,100.0,8.3,100.0,0
2026-08-21 05:57:28,Farm_A,13.2,100.0,0.0,100.0,0
2026-08-21 06:57:28,Farm_A,14.1,93.0,0.0,99.9,0
2026-08-21 07:57:28,Farm_A,17.7,80.5,0.0,99.8,0
2026-08-21 08:57:28,Farm_A,21.1,80.7,7.3,100.0,0
2026-08-21 09:57:28,Farm_A,23.1,74.2,0.0,99.7,0
2026-08-21 10:57:28,Farm_A,26.2,64.4,0.0,99.2,0
2026-08-21 11:57:28,Farm_A,27.7,50.0,0.0,98.5,0
2026-08-21 12:57:28,Farm_A,30.6,53.3,0.0,97.7,0
2026-08-21 13:57:28,Farm_A,28.9,52.2,0.0,97.0,0
2026-08-21 14:57:28,Farm_A,31.1,48.4,0.0,96.1,0
2026-08-21 15:57:28,Farm_A,30.6,52.6,0.0,95.4,0
2026-08-21 16:57:28,Farm_A,29.2,56.2,0.0,94.7,0
2026-08-21 17:57:28,Farm_A,27.9,61.0,0.0,94.1,0
2026-08-21 18:57:28,Farm_A,25.6,66.3,0.0,93.7,0
2026-08-21 19:57:28,Farm_A,22.6,69.6,0.0,93.3,0
2026-08-21 20:57:28,Farm_A,18.4,75.1,0.0,93.1,0
2026-08-21 21:57:28,Farm_A,16.6,86.8,0.0,93.0,0
2026-08-21 22:57:28,Farm_A,15.0,96.8,0.0,92.9,0
2026-08-21 23:57:28,Farm_A,12.9,98.8,0.0,92.9,0
